USE FINAL;
INSERT INTO SUCURSAL (DISTRITO,CALLE,NUMERO)VALUES ('CERRO COLORADO','HUANCAYO',34);
INSERT INTO SUCURSAL (DISTRITO,CALLE,NUMERO)VALUES ('CERCADO','EE.UU',35);
INSERT INTO SUCURSAL (DISTRITO,CALLE,NUMERO)VALUES ('JOSE BUSTAMANTE Y RIVERO','CAJAMARCA',36);
INSERT INTO SUCURSAL (DISTRITO,CALLE,NUMERO)VALUES ('HUNTER','CALLAO',37);

INSERT INTO PERSONA (DNI_PERSONA,NOMBRES,APELLIDOS,ID_SUCURSAL)VALUES (72253089,'PANCRASIO RAMON','CONCHA SUPO',1);
INSERT INTO PERSONA (DNI_PERSONA,NOMBRES,APELLIDOS,ID_SUCURSAL)VALUES (72256398,'ROBERTO ROEL','HILARES',2);
INSERT INTO PERSONA (DNI_PERSONA,NOMBRES,APELLIDOS,ID_SUCURSAL)VALUES (75166925,'LUIS ALBERTO','HUANCA',3);
INSERT INTO PERSONA (DNI_PERSONA,NOMBRES,APELLIDOS,ID_SUCURSAL)VALUES (74896225,'ROSA','PARQUI',4);

INSERT INTO CLIENTE (DNI_CLIENTE)VALUES (72253089);
INSERT INTO CLIENTE (DNI_CLIENTE)VALUES (74896225);

INSERT INTO EMPLEADO(DNI_EMPLEADO,SUELDO)VALUES (72256398,850.00);
INSERT INTO EMPLEADO(DNI_EMPLEADO,SUELDO)VALUES (75166925,840.00);

INSERT INTO CAJERO(DNI_CAJERO)VALUES (72256398);

INSERT INTO VENDEDOR(DNI_VENDEDOR)VALUES (75166925);

INSERT INTO PRODUCTO(CODIGO_PRODUCTO,NOMBRE)VALUES (11,'LICUDORA');
INSERT PRODUCTO(CODIGO_PRODUCTO,NOMBRE) VALUES (22,'Horno2000');
INSERT PRODUCTO(CODIGO_PRODUCTO,NOMBRE) VALUES (23,'Microondas12');
INSERT PRODUCTO(CODIGO_PRODUCTO,NOMBRE) VALUES (24,'Cafetera');
INSERT PRODUCTO(CODIGO_PRODUCTO,NOMBRE) VALUES (25,'Horno microcroondas 2200');
INSERT PRODUCTO(CODIGO_PRODUCTO,NOMBRE) VALUES (26,'Lavador Secador');
INSERT PRODUCTO(CODIGO_PRODUCTO,NOMBRE) VALUES (27,'Tostador');
INSERT PRODUCTO(CODIGO_PRODUCTO,NOMBRE) VALUES (28,'Hervidor');
INSERT PRODUCTO(CODIGO_PRODUCTO,NOMBRE) VALUES (29,'CoffeMaker');

INSERT INTO FACTURA(CODIGO_FACTURA,DNI_CAJERO)VALUES (221,75166925);

INSERT INTO VENTA(ID_VENTA,CODIGO_FACTURA,DNI_VENDEDOR,DNI_CLIENTE)VALUES (111,221,75166925,72253089);

INSERT INTO VENTA_PRODUCTO(ID_VENTA,CODIGO_PRODUCTO,CANTIDAD)VALUES (111,11,10);



INSERT INTO VALE(ID_VALE, DNI_EMPLEADO, MONTO, FECHA_EMISION, FECHA_VENCIMIENTO) VALUES(1, 72256398, 30.00, '2020-12-11', '12-11-2021');
INSERT INTO VALE(ID_VALE, DNI_EMPLEADO, MONTO, FECHA_EMISION, FECHA_VENCIMIENTO) VALUES(2, 75166925, 50.00, '2021-11-11', '2021-12-5');
INSERT INTO VALE(ID_VALE, DNI_EMPLEADO, MONTO, FECHA_EMISION, FECHA_VENCIMIENTO) VALUES(3, 75166925, 30.00, '2021-11-20', '2021-12-4');



INSERT VENTA_PRODUCTO(ID_VENTA,CODIGO_PRODUCTO,CANTIDAD) VALUES (111,22,11);
INSERT VENTA_PRODUCTO(ID_VENTA,CODIGO_PRODUCTO,CANTIDAD) VALUES (111,23,5);
INSERT VENTA_PRODUCTO(ID_VENTA,CODIGO_PRODUCTO,CANTIDAD) VALUES (111,24,10);
INSERT VENTA_PRODUCTO(ID_VENTA,CODIGO_PRODUCTO,CANTIDAD) VALUES (111,25,4);
INSERT VENTA_PRODUCTO(ID_VENTA,CODIGO_PRODUCTO,CANTIDAD) VALUES (111,26,8);



INSERT INTO RESERVA(ID_RESERVA, DNI_CLIENTE, FECHA_INICIO, FECHA_LIMITE) VALUES(1, 72253089, '2021-12-11', '2021-12-21'); 
INSERT INTO RESERVA(ID_RESERVA, DNI_CLIENTE, FECHA_INICIO, FECHA_LIMITE) VALUES(2, 74896225, '2020-05-13', '2020-06-03'); 
INSERT INTO RESERVA(ID_RESERVA, DNI_CLIENTE, FECHA_INICIO, FECHA_LIMITE) VALUES(3, 74896225, '2021-06-01', '2021-06-21');


INSERT INTO RESERVA_PRODUCTO(ID_RESERVA, CODIGO_PRODUCTO, CANTIDAD) VALUES (1, 22, 4);
INSERT INTO RESERVA_PRODUCTO(ID_RESERVA, CODIGO_PRODUCTO, CANTIDAD) VALUES (2, 23, 10);
INSERT INTO RESERVA_PRODUCTO(ID_RESERVA, CODIGO_PRODUCTO, CANTIDAD) VALUES (3, 25, 12);


INSERT INTO FACTURA(CODIGO_FACTURA,DNI_CAJERO) VALUES (00002,72256398);
INSERT INTO FACTURA(CODIGO_FACTURA,DNI_CAJERO) VALUES (00003,72256398);
INSERT INTO FACTURA(CODIGO_FACTURA,DNI_CAJERO) VALUES (00004,72256398);





INSERT VENTA(ID_VENTA,CODIGO_FACTURA,DNI_VENDEDOR,DNI_CLIENTE) VALUES (112,2,75166925,74896225)

INSERT VENTA_PRODUCTO(ID_VENTA,CODIGO_PRODUCTO,CANTIDAD) VALUES (112,22,1);
INSERT VENTA_PRODUCTO(ID_VENTA,CODIGO_PRODUCTO,CANTIDAD) VALUES (112,11,1);
INSERT VENTA_PRODUCTO(ID_VENTA,CODIGO_PRODUCTO,CANTIDAD) VALUES (112,24,1);
INSERT VENTA_PRODUCTO(ID_VENTA,CODIGO_PRODUCTO,CANTIDAD) VALUES (112,25,1);
INSERT VENTA_PRODUCTO(ID_VENTA,CODIGO_PRODUCTO,CANTIDAD) VALUES (112,26,1);


INSERT VENTA(ID_VENTA,CODIGO_FACTURA,DNI_VENDEDOR,DNI_CLIENTE) VALUES (113,3,75166925,72253089)

INSERT VENTA_PRODUCTO(ID_VENTA,CODIGO_PRODUCTO,CANTIDAD) VALUES (113,11,1);
INSERT VENTA_PRODUCTO(ID_VENTA,CODIGO_PRODUCTO,CANTIDAD) VALUES (113,22,1);
INSERT VENTA_PRODUCTO(ID_VENTA,CODIGO_PRODUCTO,CANTIDAD) VALUES (113,23,1);
INSERT VENTA_PRODUCTO(ID_VENTA,CODIGO_PRODUCTO,CANTIDAD) VALUES (113,24,1);
INSERT VENTA_PRODUCTO(ID_VENTA,CODIGO_PRODUCTO,CANTIDAD) VALUES (113,25,1);
INSERT VENTA_PRODUCTO(ID_VENTA,CODIGO_PRODUCTO,CANTIDAD) VALUES (113,26,1);
INSERT VENTA_PRODUCTO(ID_VENTA,CODIGO_PRODUCTO,CANTIDAD) VALUES (113,27,1);
INSERT VENTA_PRODUCTO(ID_VENTA,CODIGO_PRODUCTO,CANTIDAD) VALUES (113,28,1);

INSERT VENTA(ID_VENTA,CODIGO_FACTURA,DNI_VENDEDOR,DNI_CLIENTE) VALUES (114,4,75166925,72253089)

INSERT VENTA_PRODUCTO(ID_VENTA,CODIGO_PRODUCTO,CANTIDAD) VALUES (114,23,1);
INSERT VENTA_PRODUCTO(ID_VENTA,CODIGO_PRODUCTO,CANTIDAD) VALUES (114,24,1);
INSERT VENTA_PRODUCTO(ID_VENTA,CODIGO_PRODUCTO,CANTIDAD) VALUES (114,25,1);
INSERT VENTA_PRODUCTO(ID_VENTA,CODIGO_PRODUCTO,CANTIDAD) VALUES (114,26,1);
INSERT VENTA_PRODUCTO(ID_VENTA,CODIGO_PRODUCTO,CANTIDAD) VALUES (114,27,1);
INSERT VENTA_PRODUCTO(ID_VENTA,CODIGO_PRODUCTO,CANTIDAD) VALUES (114,28,1);
INSERT VENTA_PRODUCTO(ID_VENTA,CODIGO_PRODUCTO,CANTIDAD) VALUES (114,29,1);



SELECT * FROM FACTURA;

